ax,ay,az,gx,gy,gz,label,subject
-0.01160728931427002,-0.002820134162902832,0.006259799003601074,0.06178212929180655,0.2449420829004552,-0.25879576093007733,elbow_flexion,u01
-0.005403697490692139,0.0009776055812835693,-0.0008246898651123048,-0.7309607618375351,0.7660113716673365,-0.49691931400687644,elbow_flexion,u01
0.002375960350036621,-0.0022564828395843506,0.0017778873443603516,-2.557507985650622,0.14642675602528374,-0.6749766894187025,elbow_flexion,u01
-0.0026926398277282715,0.002258121967315674,-0.002944350242614746,-1.6963110977099878,0.36776924134266226,-0.7651637878800202,elbow_flexion,u01
-0.002766013145446777,0.0017892122268676758,-0.004886388778686523,-1.6586890283793825,-0.18109551559179907,-0.9047563126506847,elbow_flexion,u01
-0.001167595386505127,-0.0024698078632354736,0.002552390098571777,-1.352731985169131,-0.0885631609551877,-0.42701374191439756,elbow_flexion,u01
0.02218860387802124,0.01500251889228821,0.008902788162231445,0.7021660716789365,0.4471088254632361,-0.8108027917489281,elbow_flexion,u01
0.001094520092010498,0.009694665670394896,0.006260871887207031,0.2173515871090416,0.3090961554641074,-0.1735245844021705,elbow_flexion,u01
-0.00034242868423461914,0.013884365558624271,0.008435726165771484,-0.0700721379947773,0.11646766535554343,-0.3515615759681922,elbow_flexion,u01
-0.0011238455772399902,0.012961655855178831,0.00031030178070068365,-2.1287787189962137,0.18633919322387804,-0.7942877145009545,elbow_flexion,u01
0.0012882351875305176,0.009623080492019652,-0.0012873411178588867,-1.6253303844730407,-0.5512325513999946,-1.4005269809382355,elbow_flexion,u01
-0.0010071396827697754,0.005960941314697266,0.007120966911315919,-2.1412788189509837,-0.8179896982205151,-1.7498668244354694,elbow_flexion,u01
-0.002795994281768799,0.00019851326942443848,0.005656957626342773,-1.342542196701118,-0.492374783609585,-1.146938705641764,elbow_flexion,u01
-0.007293701171875,0.001982361078262329,0.002022266387939453,0.23508534619575988,0.14788246677256917,-0.3893067487864165,elbow_flexion,u01
0.004555642604827881,0.0017500817775726318,0.0027763843536376953,-1.759070397620356,0.2825718095134504,-0.5173992093463365,elbow_flexion,u01
0.001111745834350586,0.0093461275100708,-0.00047457218170166016,-1.1390998896304108,-0.4799953859040542,-1.1905305737503722,elbow_flexion,u01
-0.008590102195739746,-0.002591162919998169,-0.003248333930969239,-2.409775476214889,0.922943505584842,-0.13957122045014791,elbow_flexion,u01
0.002146899700164795,0.005146622657775879,-0.004035711288452149,-0.38862375654984177,0.2380405235897011,0.49473664168023423,elbow_flexion,u01
-0.00430750846862793,0.00323602557182312,-0.0005488395690917969,-0.14559399321485783,-0.27840539411974263,-0.06310942714661043,elbow_flexion,u01
-0.0030413269996643066,0.009437650442123413,-0.0003483295440673828,-0.36033396678129515,0.028300848805308164,-0.028123570711791956,elbow_flexion,u01
-0.005212664604187012,0.007287681102752685,0.0008527040481567383,-0.5031104536026698,-0.04233208507292421,-0.2646398948995224,elbow_flexion,u01
-0.005412042140960693,0.0029316246509552,-0.0011442899703979492,-0.5588599517121948,0.2551822706940232,-0.24328013245674718,elbow_flexion,u01
0.0013350248336791992,0.00016677379608154297,0.004810929298400879,-0.4856269302355826,-0.026198978150155747,-0.6578308868895606,elbow_flexion,u01
-0.002255856990814209,0.00454789400100708,-0.0022153854370117188,1.0443290939057797,-0.07523003805583439,-0.19087381184274496,elbow_flexion,u01
-0.004662394523620606,-0.0005022287368774414,-0.002110004425048828,-0.15782848952436387,-0.1468944505606577,0.0280186099141559,elbow_flexion,u01
-0.0011503100395202635,-0.0009376406669616699,-0.004062056541442871,-0.8277869642546638,0.016574467877240862,-0.166894618492417,elbow_flexion,u01
-0.000394284725189209,0.0018700659275054925,-0.002963662147521973,-0.01080391852393212,-0.38629114022657657,-0.10112924827466328,elbow_flexion,u01
-0.0033937692642211914,0.001904308795928955,0.0024231672286987305,0.2282982192340299,-0.5200298460329964,-0.012101841229219663,elbow_flexion,u01
-0.0061379075050354,-0.0016387999057769775,-0.0016717910766601562,-0.14120554331227178,-0.20496331816171767,-0.13996031444921384,elbow_flexion,u01
-0.004248380661010742,0.007419764995574951,2.539157867431641e-05,-0.502558115414398,-0.07578393037894673,-0.2789297178602469,elbow_flexion,u01
0.00393754243850708,0.008133172988891602,0.002992749214172364,-0.0852515664144695,-0.5141216256792296,-0.527787873713073,elbow_flexion,u01
0.00039261579513549816,0.006255924701690674,0.002657890319824219,-0.7070411191990331,-0.4671184516061703,-1.121680239204233,elbow_flexion,u01
-0.008546888828277588,-0.0009344518184661863,-0.0014079809188842773,-0.6661842082444861,0.1582416492680835,-0.5214605572207025,elbow_flexion,u01
0.00044840574264526367,-0.006340682506561279,-0.003420352935791016,-4.005997728879451,0.25075566778162034,-0.5772313996713837,elbow_flexion,u01
-0.0002073049545288086,0.007860243320465088,-0.0018500089645385747,1.190145201670795,-0.22575493426355223,0.3731215483310135,elbow_flexion,u01
-0.002720057964324951,0.004530072212219238,-1.1682510375976562e-05,0.6300865517592629,-0.6206905059779998,0.4043893539385385,elbow_flexion,u01
0.004701852798461914,-0.045429110527038574,0.03309905529022217,-3.0769660701448944,0.7513583747418378,-1.5510906037849386,elbow_flexion,u01
-0.001477062702178955,-0.15657195448875427,0.06301760673522949,-2.020758636942227,3.3138980753766436,12.468878306299809,elbow_flexion,u01
-0.029325842857360836,-0.30793842673301697,0.17670083045959473,40.82196429165853,13.470846566973174,44.95604556983547,elbow_flexion,u01
-0.014383792877197266,-0.505956768989563,0.2862650156021118,61.04159868788989,70.72162281738792,111.3253762254429,elbow_flexion,u01
0.14402490854263306,-0.4219483137130737,0.3423573970794678,98.30945355436477,116.16684653557971,168.75676231430666,elbow_flexion,u01
0.29522156715393066,-0.3784635663032532,0.39467501640319824,70.49134981971012,168.04997433899374,196.6792723206141,elbow_flexion,u01
0.5047673583030701,-0.2543805241584778,0.3681193590164185,35.96725024472106,209.42298463251058,212.58932372794504,elbow_flexion,u01
0.5742085576057434,-0.15698397159576416,0.2683371305465698,31.31307396690974,236.15275236443702,205.53513167391256,elbow_flexion,u01
0.6188404560089111,-0.07936346530914308,0.16639232635498047,12.419478963127695,242.1180483402294,188.39682100851658,elbow_flexion,u01
0.6104351282119751,-0.1111324429512024,0.09174561500549316,-44.93626875709369,239.8917345198854,170.89982978904652,elbow_flexion,u01
0.6413125991821289,0.12237942218780518,0.016145706176757812,-49.52818786062034,220.121410457825,160.42561175342692,elbow_flexion,u01
0.6086414456367493,0.06487154960632324,0.04810953140258789,-32.69874859477608,204.51019348706046,143.27372267196094,elbow_flexion,u01
0.560223400592804,0.15009230375289914,0.13232457637786865,-38.68732527035444,189.67916170442976,126.33050953001718,elbow_flexion,u01
0.4452221393585205,0.23635080456733704,-0.07013797760009766,-26.585672938554016,174.76066251928793,93.26723715433211,elbow_flexion,u01
0.39454835653305054,0.31352126598358154,-0.19790911674499512,-29.14031224475323,127.03140988226555,56.52455553313951,elbow_flexion,u01
0.2359699606895447,0.2769104242324829,-0.4615745544433594,-22.73934582256242,66.44098617019003,28.371009255514476,elbow_flexion,u01
0.15590524673461914,0.27467817068099976,-0.3580278158187866,-17.409383798080874,-2.387922285965433,-2.139456652546471,elbow_flexion,u01
0.12350243330001832,0.2372251749038697,-0.21956801414489746,10.940023276636143,-43.887083398688034,-26.8223748517881,elbow_flexion,u01
0.1424391269683838,0.2834760248661041,-0.27279722690582275,2.3776695316910095,-74.98540255771424,-56.97430299941733,elbow_flexion,u01
0.2711153626441956,0.3517995178699493,-0.3431940078735352,4.210564455842271,-127.56092712785996,-93.39188127649565,elbow_flexion,u01
0.3843352794647217,0.3361128568649292,-0.3769805431365967,41.088416801369895,-184.81573916630055,-133.01469657633174,elbow_flexion,u01
0.5096420049667358,0.2585453391075134,-0.3479071855545044,37.412053820232195,-225.8637553987298,-172.1993552409115,elbow_flexion,u01
0.5567529201507568,0.11543643474578855,-0.06739914417266846,24.44524362438105,-249.4181818458957,-192.82602110035143,elbow_flexion,u01
0.6117165088653564,-0.007111847400665283,0.14586615562438965,17.720512575153293,-238.7371047010731,-194.27143939288786,elbow_flexion,u01
0.6583740711212158,0.04730427265167236,0.160874605178833,36.95837558008702,-232.13550830220237,-193.65744636763873,elbow_flexion,u01
0.6486343145370483,-0.11965286731719972,0.26081037521362305,16.14139674470844,-219.45744776860803,-185.84230293817515,elbow_flexion,u01
0.504260241985321,-0.015488207340240482,0.2866907119750977,18.409058822740406,-192.91104329513973,-180.67684943494788,elbow_flexion,u01
0.3831165432929993,-0.17802828550338745,0.2653709650039673,-22.132029307226983,-176.2331283609376,-184.0836931514369,elbow_flexion,u01
0.3115534782409668,-0.1968148946762085,0.28001081943511963,-18.652474811928613,-159.124843207133,-169.22419314034565,elbow_flexion,u01
0.18840229511260986,-0.3847526013851166,0.4215710163116455,9.812258299376781,-127.78465680431292,-131.11076768481234,elbow_flexion,u01
-0.03999817371368408,-0.4901944696903229,0.3535193204879761,-3.0314795715935485,-45.83152214217478,-66.71683019001014,elbow_flexion,u01
-0.06201159954071045,-0.4983272552490234,0.3079289197921753,6.181179472436261,-2.648890367216692,-24.49274759005849,elbow_flexion,u01
-0.14812016487121582,-0.4534405469894409,0.2722023725509644,2.9185479431960877,0.8300860699623136,6.362476171783673,elbow_flexion,u01
-0.12809342145919805,-0.3992404937744141,0.3374722003936768,25.052720649161984,35.83358344266391,46.91238250285637,elbow_flexion,u01
0.0013442039489746096,-0.3506002426147461,0.3677501678466797,27.648095203571156,86.40569058583982,90.22176508645015,elbow_flexion,u01
0.1623656153678894,-0.2866920530796051,0.368471622467041,31.811882681995773,141.539510320938,129.30364989458872,elbow_flexion,u01
0.3355024456977844,-0.25374555587768555,0.4031414985656738,18.55156388958355,198.1750154469552,166.71711756397912,elbow_flexion,u01
0.5220425128936768,-0.18482643365859985,0.33766961097717285,17.150133722849286,232.4084973029494,180.70208015374195,elbow_flexion,u01
0.6005325317382812,-0.1487848162651062,0.2622671127319336,-0.969647912242566,244.03708561019292,178.23661408979913,elbow_flexion,u01
0.6247977018356323,-0.08532452583312987,0.1850719451904297,-23.12136171793582,248.3798838090271,172.23327396032977,elbow_flexion,u01
0.6342555284500122,0.008237600326538086,0.059938907623291016,-42.98494518292358,238.5341114789403,159.78536348100826,elbow_flexion,u01
0.6280751228332521,0.12690919637680054,0.02320730686187744,-38.101079888608496,216.64503541558528,148.7079304586498,elbow_flexion,u01
0.5812718868255615,0.18695515394210813,-0.04875946044921875,-20.756492387636236,194.65621126959135,132.67214892907725,elbow_flexion,u01
0.4970043301582336,0.13923537731170654,-0.04841172695159912,-26.03700896516877,170.2179583438258,114.7065247702743,elbow_flexion,u01
0.3850532770156861,0.1375882923603058,-0.07540357112884521,-11.618207273478696,143.65171900100776,93.31310187460875,elbow_flexion,u01
0.2310729622840881,0.16759216785430908,-0.2489182949066162,-27.448877368502107,121.41655725240818,69.68445176173232,elbow_flexion,u01
0.1694413423538208,0.2992677688598633,-0.4977114200592041,-43.980469160115035,73.5126293575519,29.71123068200167,elbow_flexion,u01
0.19465982913970947,0.3246098756790161,-0.4512962698936462,-27.658115091083566,-13.123431556161407,-15.087025565175452,elbow_flexion,u01
0.1500476598739624,0.271384060382843,-0.2415972948074341,10.377885901339406,-73.60349136408058,-36.21975892324184,elbow_flexion,u01
0.11290735006332395,0.29663950204849243,-0.3215596675872803,8.489845737376749,-100.92721917642054,-58.93675978193457,elbow_flexion,u01
0.225827157497406,0.342726469039917,-0.35765981674194336,4.042199012140988,-148.51684908642952,-99.53806115207749,elbow_flexion,u01
0.32933753728866577,0.29937756061553955,-0.3830193281173706,31.411442351336266,-189.8118996007598,-143.98948551584326,elbow_flexion,u01
0.4294318556785584,0.07708382606506348,-0.09379851818084717,60.058584202163324,-226.4367809493372,-156.94216063520705,elbow_flexion,u01
0.4126171469688416,0.008038520812988281,0.06724262237548828,23.816832069794028,-223.81172068524788,-154.56770001176545,elbow_flexion,u01
0.5225298404693604,0.04360401630401611,0.12100601196289062,32.59838579511191,-214.18745138994464,-153.43241328868262,elbow_flexion,u01
0.4238050878047943,0.0005829334259033202,0.09278583526611328,5.917900866254834,-207.60750669074272,-154.09225054364092,elbow_flexion,u01
0.4790747463703156,-0.016415715217590332,0.2102525234222412,4.153514873912917,-196.12707884697522,-159.02953474745465,elbow_flexion,u01
0.4381566643714905,-0.03551763296127318,0.18763995170593264,35.712856433989344,-183.5867695685618,-144.73672187142097,elbow_flexion,u01
0.30833274126052856,-0.12207412719726562,0.2358956336975097,-40.905661429747866,-167.70824631443963,-151.17457131512987,elbow_flexion,u01
0.2541092038154602,-0.1536274552345276,0.2329584360122681,-32.932194215323356,-141.04503194578578,-145.71483228132348,elbow_flexion,u01
0.12823200225830078,-0.279777854681015,0.3224658966064453,-16.037866444816682,-110.09823028821255,-113.1800048115331,elbow_flexion,u01
0.02779233455657959,-0.37618714570999146,0.2978880405426025,-3.368536813972395,-60.023395067559406,-69.50933254160236,elbow_flexion,u01
-0.04232859611511231,-0.4277180433273315,0.2628653049468994,-0.2087958947195279,-21.5269326033718,-28.779671426387388,elbow_flexion,u01
-0.10177820920944214,-0.4346736669540405,0.2779151201248169,8.95036868084392,-3.2287685185523087,1.5303048440367089,elbow_flexion,u01
-0.08618271350860596,-0.3713482618331909,0.3174959421157837,3.844002717239673,24.28223603719682,35.00928889287009,elbow_flexion,u01
-0.012079477310180664,-0.2992088198661804,0.3730902671813965,14.191765349905202,67.82920162842761,70.2040925537869,elbow_flexion,u01
0.09567141532897948,-0.2656139731407165,0.35303425788879395,3.629006291414243,123.46107875780315,111.23470546421098,elbow_flexion,u01
0.25706160068511963,-0.1933913230895996,0.3398994207382202,35.57336006547559,175.09461778856652,152.6368465145379,elbow_flexion,u01
0.4304318428039551,-0.2259041666984558,0.3272203207015991,58.02913009407742,212.27815396973762,168.29461805468526,elbow_flexion,u01
0.5472601056098938,-0.2238417267799377,0.2507429122924805,0.7243309426701271,237.48625117723364,169.75558185777263,elbow_flexion,u01
0.577717661857605,-0.09119558334350586,0.14416539669036865,-31.026926606726644,239.28813704255305,159.79723434978573,elbow_flexion,u01
0.6214898824691772,-0.004093647003173828,0.155717134475708,-44.27444733218155,239.39069916313,159.77399804622934,elbow_flexion,u01
0.601105809211731,0.07183104753494263,0.01951742172241211,-72.79034368301222,219.60547162830056,155.19487530211273,elbow_flexion,u01
0.5917461514472961,0.21048712730407715,-0.0325925350189209,-31.06053455253769,197.09613242603834,147.50741542899334,elbow_flexion,u01
0.4969294667243958,0.11296415328979492,-0.017656922340393066,-17.36151783237743,178.9475138389924,126.2189178993575,elbow_flexion,u01
0.4152414798736572,0.12952947616577148,-0.04030942916870117,-38.83484369604838,160.28880306435155,110.18131270927658,elbow_flexion,u01
0.3004438877105713,0.17336276173591614,-0.14261436462402344,-28.74812961280027,135.52652596436062,89.07863730620012,elbow_flexion,u01
0.1679394245147705,0.2982247471809387,-0.4746912717819214,-48.376580400515756,97.57399927510532,60.88919667693939,elbow_flexion,u01
0.20738530158996585,0.3649628460407257,-0.4521614909172058,-47.97718508879926,21.15604991634551,4.242160484055927,elbow_flexion,u01
0.18379175662994385,0.32767343521118164,-0.27070534229278564,0.2922539228270608,-49.858588016435945,-32.72358999278742,elbow_flexion,u01
0.1063346266746521,0.23333191871643064,-0.2328332662582397,14.5437608563291,-78.06313360904618,-47.59600589159919,elbow_flexion,u01
0.19378721714019773,0.3504496216773987,-0.31089091300964355,8.017251288325225,-117.02634388035574,-83.06172559084997,elbow_flexion,u01
0.26710152626037603,0.3180663585662842,-0.37236487865448,28.588615667376494,-169.62217460290395,-123.5105156670157,elbow_flexion,u01
0.3944073915481568,0.19780653715133667,-0.285614013671875,29.412546509597014,-207.2407255323131,-159.02504048298078,elbow_flexion,u01
0.3620831370353699,0.09033429622650146,-0.16273796558380127,31.164893012866315,-236.18985395200852,-165.18869881264865,elbow_flexion,u01
0.4491238594055176,-0.008078217506408691,0.11947917938232422,-16.673219179147733,-212.16189048968556,-164.05677254263747,elbow_flexion,u01
0.5428040027618408,0.001139700412750244,0.3378870487213135,39.76606144220416,-194.64869806150435,-175.46458181514944,elbow_flexion,u01
0.4640332460403442,-0.10133612155914308,0.15236914157867432,-10.818057442400873,-173.30917901876853,-153.50497721842484,elbow_flexion,u01
0.28141385316848755,0.03621900081634522,0.20805811882019049,4.177394922798573,-152.83486735895488,-157.66132491329603,elbow_flexion,u01
0.2566110193729401,-0.0676199197769165,0.11090922355651857,28.53391438986116,-146.1545188789539,-154.2603141783582,elbow_flexion,u01
0.2632491588592529,-0.15468835830688474,0.14468026161193848,0.22856985265567017,-145.28422983528924,-146.74151899660313,elbow_flexion,u01
0.25101232528686523,-0.17770832777023315,0.2385103702545166,9.422088011908034,-136.9697449359843,-130.38066144367298,elbow_flexion,u01
0.10862332582473756,-0.3216317892074585,0.2474391460418701,-10.142545757071087,-105.76816356199124,-101.888575132289,elbow_flexion,u01
-0.006240367889404297,-0.3598668575286865,0.30195438861846924,6.124681855169209,-65.28153423782368,-64.99207765098771,elbow_flexion,u01
-0.060441136360168464,-0.3836194276809693,0.2822108268737793,12.480675750543716,-22.351881143778645,-22.055604613056417,elbow_flexion,u01
-0.09412068128585817,-0.3764367699623108,0.29360079765319824,4.185509614419372,9.01806866212344,10.894635815827762,elbow_flexion,u01
-0.06608998775482178,-0.3472289741039276,0.35613954067230225,17.717599499472286,44.074954581998405,47.55430417162167,elbow_flexion,u01
0.0032581090927124023,-0.33009690046310425,0.3906558752059937,24.66835858380869,96.81820469249755,93.67159118338601,elbow_flexion,u01
0.18779879808425906,-0.330233097076416,0.3491405248641968,35.106530296083555,154.30221055872707,139.22197249403936,elbow_flexion,u01
0.3740484714508057,-0.2820585966110229,0.3517293930053711,47.40356872682867,203.59141010028867,167.75316163842166,elbow_flexion,u01
0.5331479907035828,-0.2826948165893555,0.32033586502075195,11.131340290382786,234.28652611713616,176.76453073874293,elbow_flexion,u01
0.5961690545082092,-0.15026837587356567,0.2516446113586426,-14.70536825473348,245.7933731326132,179.1505480422602,elbow_flexion,u01
0.6195029020309448,-0.047762930393218994,0.18309807777404785,-25.439358875056193,249.42913746932444,172.64637746171047,elbow_flexion,u01
0.7045242190361023,0.07743358612060547,0.0601651668548584,-41.018704475606164,239.23245734043905,172.99128835441778,elbow_flexion,u01
0.6509442925453186,0.11047333478927612,0.024705886840820312,-7.689847024234311,228.00152264667378,157.78235586538867,elbow_flexion,u01
0.6221889853477478,0.1316102147102356,-0.00796806812286377,-16.53744867882622,212.7479070600944,139.39778156327546,elbow_flexion,u01
0.5230082869529724,0.1695522964000702,-0.14270687103271484,-28.553863664879476,185.30405671082144,120.43231333263101,elbow_flexion,u01
0.3898477554321289,0.20817071199417114,-0.2070155143737793,-35.83546174468566,147.21340310598094,88.9707476380706,elbow_flexion,u01
0.24530601501464844,0.33460432291030884,-0.4509280920028687,-18.460505515116232,88.28654026815374,45.550237876680725,elbow_flexion,u01
0.1686115264892578,0.2895033359527588,-0.5006480216979979,-22.278791289470337,13.738917831517831,2.233513693502836,elbow_flexion,u01
0.11296290159225465,0.2898286879062653,-0.3067387342453003,1.422835659427966,-43.67020440197262,-25.696763091664582,elbow_flexion,u01
0.06152480840682984,0.21657568216323853,-0.2455546855926513,11.519072200317838,-73.31687613593934,-40.56265615981899,elbow_flexion,u01
0.15021336078643802,0.31024980545043945,-0.33718955516815186,7.593050437090538,-108.6817173562436,-69.29197543164504,elbow_flexion,u01
0.28383684158325195,0.2801164984703064,-0.390437126159668,12.47806917960171,-163.86514475528358,-109.27792456889402,elbow_flexion,u01
0.3937681913375855,0.21398687362670896,-0.4038823843002319,-1.4076392355766285,-205.1511247783961,-148.07564618680337,elbow_flexion,u01
0.4686616659164429,0.05378437042236328,-0.04506492614746094,10.200035459315085,-231.0697802256269,-157.79624847016044,elbow_flexion,u01
0.4666675925254822,0.09651035070419313,0.01202392578125,15.248443425830365,-220.20061333144048,-157.07082773879173,elbow_flexion,u01
0.5322948694229126,-0.03085148334503174,0.2463028430938721,29.356774599929274,-215.76611301280977,-172.9440234453613,elbow_flexion,u01
0.5512655973434448,0.008508503437042236,0.1294076442718506,25.09863147321552,-207.3697341453563,-156.5351223418093,elbow_flexion,u01
0.3821964859962464,-0.027446627616882324,0.2198824882507324,2.250893323289345,-196.13979665920982,-149.69151868026665,elbow_flexion,u01
0.3322072327136993,-0.01019662618637085,0.1697481870651245,12.290993713329646,-181.95662197973328,-168.2247452194761,elbow_flexion,u01
0.3778436779975891,-0.17409300804138186,0.26252150535583496,-29.002082876330512,-175.22130413729192,-160.5408643654817,elbow_flexion,u01
0.2459644675254821,-0.2198101282119751,0.2981102466583252,-27.81516163066967,-143.38316962322122,-143.61822375331803,elbow_flexion,u01
0.0768207311630249,-0.4052956700325012,0.36505651473999023,-24.234405929986508,-95.48458293629588,-104.17612842873135,elbow_flexion,u01
0.037709951400756836,-0.4206085801124573,0.29279768466949463,-12.724280423707745,-39.594671505361035,-54.25665269093929,elbow_flexion,u01
-0.08518165349960327,-0.4426472783088684,0.3051481246948242,-5.673444126991847,-9.49802007868471,-17.756022728648194,elbow_flexion,u01
-0.12253415584564208,-0.4019319713115692,0.3105088472366333,5.671965817923362,13.150337378849386,18.755130847606612,elbow_flexion,u01
-0.05610829591751098,-0.2897806465625763,0.357049822807312,14.975917170399564,51.098485916846705,52.063335514475625,elbow_flexion,u01
0.04963749647140503,-0.2385633587837219,0.3616483211517334,27.16200771581428,99.67540942609727,88.83041457138353,elbow_flexion,u01
0.1999501585960388,-0.2296877503395081,0.3523613214492798,39.677743681141315,158.0946184538633,129.42947563947868,elbow_flexion,u01
0.38392335176467896,-0.2547628879547119,0.32721614837646484,58.940031442547,213.3514362355351,158.82615903472833,elbow_flexion,u01
0.4668766558170319,-0.2537160515785217,0.2112232446670532,16.347398665170616,232.66585883087552,154.01217340581167,elbow_flexion,u01
0.507461667060852,-0.07523691654205322,0.07700097560882567,2.163747366555976,225.0042034124404,148.5588547498251,elbow_flexion,u01
0.5061655044555664,-0.0565374493598938,0.09695017337799072,-7.433667972808289,224.8148978894043,141.5254128104911,elbow_flexion,u01
0.541326642036438,0.016887962818145752,0.09927141666412354,-30.76317202173743,222.53771282012207,131.81629890531798,elbow_flexion,u01
0.5640297532081604,0.09081965684890747,0.08642315864562987,-11.501447750938267,216.37289335829527,127.6613718897942,elbow_flexion,u01
0.4796009063720703,0.10321003198623656,0.011978864669799805,-30.42593143146805,206.87565192117594,113.28605715877592,elbow_flexion,u01
0.4726429581642151,0.2097848653793335,-0.014981985092163088,-24.71328756816903,182.88041872535578,97.96948088842738,elbow_flexion,u01
0.4037234783172608,0.1428484320640564,-0.033754825592041016,-3.8447544649351975,161.13636123845845,80.15397745739213,elbow_flexion,u01
0.2835267782211304,0.07569801807403563,-0.10544264316558838,-35.616366351584574,141.8766621187482,61.86202735061347,elbow_flexion,u01
0.21300280094146729,0.27507662773132324,-0.4230611324310303,-18.53826038862766,97.57132867113984,39.63042754566605,elbow_flexion,u01
0.1681874394416809,0.24335640668869016,-0.6053868532180786,-26.32484508962415,23.751100036769117,6.447195276927571,elbow_flexion,u01
0.1636335253715515,0.3682624101638794,-0.4714815616607666,-9.881732422293211,-54.415987343897356,-28.466944385049185,elbow_flexion,u01
0.181818962097168,0.3177148699760437,-0.4482085704803467,2.4272240482233327,-112.68854537999404,-62.00798849317665,elbow_flexion,u01
0.2968082427978516,0.2981321811676025,-0.44325339794158936,-5.14831911992058,-174.7311561020735,-97.72622370113739,elbow_flexion,u01
0.4352927803993225,0.3721299171447754,-0.4521138668060303,13.714394037302903,-224.90709178282117,-142.87370581302997,elbow_flexion,u01
0.5388561487197876,0.1353808045387268,-0.0279541015625,45.65438118605049,-258.5766185794257,-158.37869968182247,elbow_flexion,u01
0.5296365022659302,0.00752723217010498,-0.014263153076171875,-2.6039588215354095,-253.235902422096,-158.19388842326026,elbow_flexion,u01
0.5815542936325073,0.05048435926437378,0.37055611610412603,33.95150774139397,-231.3876299088426,-172.42879495551057,elbow_flexion,u01
0.582882821559906,-0.21113592386245728,0.2218914031982422,-16.743609401186585,-213.23957139730862,-145.96648377110344,elbow_flexion,u01
0.2892588376998901,0.005126237869262695,0.275177001953125,11.507161204178983,-183.82164611374017,-148.29423956100047,elbow_flexion,u01
0.2261213362216949,-0.07477867603302002,0.124955415725708,-1.2635291810002351,-180.43756058756568,-155.74097624701196,elbow_flexion,u01
0.3386191725730896,-0.2203117609024048,0.24341487884521484,-12.312454167701823,-180.35486065709517,-150.60542531197103,elbow_flexion,u01
0.2887660264968872,-0.2257460355758667,0.2794461250305176,-29.22051232598752,-151.28110860580378,-133.30898210691092,elbow_flexion,u01
0.07084536552429199,-0.3339221179485321,0.4001517295837401,1.0454460432784887,-93.34236240501308,-86.56593365395752,elbow_flexion,u01
-0.018475353717803955,-0.3777351379394531,0.3332228660583496,-10.047696627614412,-25.331692895621984,-38.79229844770837,elbow_flexion,u01
-0.11056476831436156,-0.3889282941818237,0.3205729722976685,2.383663236131107,-10.698550476266805,-13.420230596355148,elbow_flexion,u01
-0.10693049430847168,-0.4212228655815125,0.35937416553497314,10.32093663781348,12.40782922172459,22.506543947344415,elbow_flexion,u01
-0.03182721138000488,-0.3251093029975891,0.3694002628326416,4.315404871394205,62.54006022952064,62.09185638599525,elbow_flexion,u01
0.04743766784667969,-0.24184465408325195,0.3974376916885376,22.37575948511701,111.16066621360802,95.01202946837937,elbow_flexion,u01
0.2425524592399597,-0.2427573204040528,0.41036009788513184,26.533073651755746,178.1926823130576,136.57564302087457,elbow_flexion,u01
0.4104110598564148,-0.20843744277954104,0.3905560970306397,31.48145520542348,224.33220842075946,157.15198404650985,elbow_flexion,u01
0.5333105325698853,-0.2412424087524414,0.2669649124145508,-7.42016981146105,248.17527866225015,160.52473145866213,elbow_flexion,u01
0.5705370306968689,-0.09504109621047974,0.190990686416626,-30.06243900912373,248.93681743394984,161.14391542768047,elbow_flexion,u01
0.6036745309829712,0.050545692443847656,0.05333209037780762,-21.60250181634882,239.09976042524409,155.57075427251687,elbow_flexion,u01
0.6479417085647583,0.05856001377105712,0.07992494106292725,-33.802988692986624,233.17402490512447,149.13778158387538,elbow_flexion,u01
0.5941885709762573,0.1547953486442566,-0.017799019813537598,-16.960285199774198,216.99157189331504,136.83770371894963,elbow_flexion,u01
0.5454865097999573,0.15503889322280884,0.0038110017776489258,-5.190808872973583,198.8205366254131,118.65196988395383,elbow_flexion,u01
0.4135702848434448,0.12189239263534545,-0.11440932750701906,-19.059861444974022,171.98152684790145,96.28848254122805,elbow_flexion,u01
0.31851041316986084,0.21404293179512024,-0.2557691335678101,-34.91277490480322,139.0563813878015,70.06421027958503,elbow_flexion,u01
0.20494377613067627,0.2824403941631317,-0.4654884338378906,-17.309350555044162,84.37516413805425,38.03211888365346,elbow_flexion,u01
0.1267053484916687,0.2887688875198364,-0.5222601890563965,-27.442163292547978,13.164328167590511,3.1136638227817266,elbow_flexion,u01
0.10454338788986206,0.2813888192176819,-0.3799793720245361,-4.306143988653314,-49.245650255413594,-25.434031327503583,elbow_flexion,u01
0.08872252702713013,0.2727990746498108,-0.3350179195404053,5.8434193609031375,-88.11027357624322,-47.94119340696788,elbow_flexion,u01
0.1789419651031494,0.2712307572364807,-0.3616578578948975,1.8306115065343618,-133.3924879997035,-75.85794556380503,elbow_flexion,u01
0.2903139591217041,0.2889894843101501,-0.4208924770355225,2.4163567903670193,-182.6115961400024,-113.35177040878061,elbow_flexion,u01
0.4175726771354675,0.1815893054008484,-0.1560208797454834,35.71136745275028,-220.8215731496431,-139.30763672660962,elbow_flexion,u01
0.3947485983371735,0.09901845455169678,-0.13378620147705078,15.478673734825861,-230.18636355837745,-147.28531133756286,elbow_flexion,u01
0.54481041431427,0.007817566394805908,0.2217622995376587,34.12584831995854,-217.1574362071196,-160.36602518310772,elbow_flexion,u01
0.4528315365314484,0.10371482372283937,0.04388236999511719,2.7723746378818217,-217.97298811477583,-145.3626950484743,elbow_flexion,u01
0.4300210475921631,0.0019035935401916504,0.20652341842651367,1.1897178879608459,-203.01681360617215,-155.6318571448318,elbow_flexion,u01
0.3739198446273804,-0.020727276802062992,0.17743253707885742,23.41406776726942,-191.08859856041863,-148.72654955432728,elbow_flexion,u01
0.25797563791275024,-0.17422407865524292,0.23096632957458496,-17.330604396193948,-179.95791738329072,-146.37812561200175,elbow_flexion,u01
0.2627521157264709,-0.12765216827392578,0.23064160346984866,-34.20719245787881,-174.03054261777024,-147.775568655808,elbow_flexion,u01
0.23365461826324466,-0.23737722635269165,0.3798701763153076,10.75392623496268,-149.69594464284881,-124.79569772162364,elbow_flexion,u01
0.01908397674560547,-0.3715560436248779,0.4245321750640869,-3.9494668144401937,-72.6030735563488,-75.51845784129873,elbow_flexion,u01
-0.021074473857879642,-0.41519367694854736,0.3564460277557373,-1.0033698368353885,-15.591892658055285,-34.46781881622815,elbow_flexion,u01
-0.06735849380493164,-0.4227758347988129,0.2647918462753296,8.73922618925767,1.862060899124274,-1.544483569701715,elbow_flexion,u01
-0.08458030223846437,-0.3560526967048645,0.2915174961090088,5.694408538875556,17.618679577270285,26.036687946277777,elbow_flexion,u01
-0.022435307502746586,-0.2379462122917176,0.31365418434143066,12.172103171768173,50.41353747140491,52.798154586142296,elbow_flexion,u01
0.031009793281555176,-0.21221718192100525,0.34227538108825684,14.256341373413086,95.1158415135744,80.0010836728214,elbow_flexion,u01
0.15607082843780518,-0.18842267990112305,0.29840087890625,15.176045128175522,139.74583434300098,110.54017767845822,elbow_flexion,u01
0.3021242022514343,-0.16989022493362427,0.2782684564590454,37.947923141754714,186.8954771270561,140.2129373199598,elbow_flexion,u01
0.4203085005283356,-0.19748318195343006,0.3059673309326172,17.99786265168542,223.8224167614881,145.0865095191957,elbow_flexion,u01
0.4961009621620178,-0.0986025333404541,0.2005232572555542,-15.478292951779633,237.23342489491648,137.4118494205809,elbow_flexion,u01
0.4986730217933655,-0.020146489143371586,0.140633225440979,-35.8259780270231,237.4289868712323,133.07656442983372,elbow_flexion,u01
0.5472158193588257,0.05538952350616455,0.05309748649597168,-37.14301266882539,228.65171567452396,135.81462334355177,elbow_flexion,u01
0.5069530010223389,0.0974600911140442,0.03810429573059082,-25.248270672646743,216.6497345857343,129.80374268523872,elbow_flexion,u01
0.4626482725143433,0.1769566535949707,-0.03376007080078125,-20.27568805120236,205.42934570404742,113.40725203540859,elbow_flexion,u01
0.4283520579338074,0.1828414797782898,-0.09131217002868652,-4.090433381172795,187.70623424191493,98.884200312643,elbow_flexion,u01
0.3784570097923279,0.1087716817855835,-0.13696205615997314,-11.316647591433464,166.36126470822146,85.2737028441261,elbow_flexion,u01
0.2271414399147033,0.13263273239135742,-0.2439000606536865,-30.748493945211074,141.6006268536313,70.36303788596226,elbow_flexion,u01
0.13369137048721313,0.30071043968200684,-0.4496710300445557,-11.435401529211537,97.06131844581498,40.93780771507653,elbow_flexion,u01
0.14632385969161987,0.3052484393119812,-0.540450930595398,-19.599572747904674,22.38332221207551,3.230520462074417,elbow_flexion,u01
0.1528782844543457,0.3740086257457733,-0.3851414918899536,0.6677299654310247,-49.9261351722328,-28.55096083448222,elbow_flexion,u01
0.1226542592048645,0.29471176862716675,-0.35883378982543945,13.419633808576414,-94.642126913499,-52.09254140336661,elbow_flexion,u01
0.2134457230567932,0.30651479959487915,-0.41178929805755615,-3.0064765969196587,-145.04465411996185,-88.59033342205757,elbow_flexion,u01
0.3273573517799377,0.3388791084289551,-0.4670630693435669,16.77594863935931,-200.73707404614035,-131.7470954286474,elbow_flexion,u01
0.4425339698791504,0.12590855360031128,-0.22352218627929688,47.51991758424525,-236.11698949394284,-150.87624231256203,elbow_flexion,u01
0.4454560875892639,0.0205765962600708,-0.12514615058898926,-0.4371589207093936,-245.93008619904023,-153.1225139456608,elbow_flexion,u01
0.5673671960830688,0.11430978775024415,0.1688089370727539,35.4715902468424,-228.23148145564974,-165.63210103318755,elbow_flexion,u01
0.6522154808044434,-0.17545604705810547,0.2368171215057373,23.75266415008905,-232.61067090238177,-158.3302463198504,elbow_flexion,u01
0.4723351299762726,0.04584276676177978,0.35433638095855713,12.332427348382236,-202.1533547516775,-160.46623771861016,elbow_flexion,u01
0.3292984962463379,-0.20156097412109367,0.2431836128234864,17.27183744857516,-183.7596962979682,-139.97173601960998,elbow_flexion,u01
0.2304839491844177,-0.08362358808517456,0.2362656593322754,-17.940869845703542,-180.51399040437812,-147.80687824296336,elbow_flexion,u01
0.2736947536468506,-0.17193463444709778,0.30354225635528564,0.14084706510255188,-168.2333785785869,-143.30982705191363,elbow_flexion,u01
0.11630046367645265,-0.3018243908882141,0.4578143358230591,15.409376343054204,-124.34414025521573,-94.22541707223651,elbow_flexion,u01
-0.02342647314071656,-0.4111601710319519,0.38514089584350586,5.67025698997039,-39.980963099154856,-44.387200095000125,elbow_flexion,u01
-0.06830573081970215,-0.4326805472373961,0.3750791549682617,9.120739211953424,-11.280138522772452,-14.599360303720294,elbow_flexion,u01
-0.13297927379608154,-0.4013683795928955,0.3429651260375977,8.877153321809613,7.600993947095261,13.305433899427449,elbow_flexion,u01
-0.0929173231124878,-0.2396020293235779,0.3450443744659424,6.303432601503496,38.53044607040301,36.75613026366836,elbow_flexion,u01
0.00258105993270874,-0.1932174265384674,0.3218042850494385,4.7234399455239435,73.41280614283215,57.29021632400334,elbow_flexion,u01
0.07747989892959595,-0.20445647835731506,0.342271089553833,8.52991931101086,119.11269346422786,87.32398219899136,elbow_flexion,u01
0.2329201698303223,-0.20956113934516907,0.3145928382873535,22.97630216034309,172.85331853318354,125.50376977250049,elbow_flexion,u01
0.3395649194717407,-0.18156075477600087,0.2852374315261841,32.48766501357142,208.18475329825728,141.63935402622525,elbow_flexion,u01
0.4626920223236084,-0.20232009887695312,0.28098511695861816,4.065972339320863,233.76775958929528,145.68464284519203,elbow_flexion,u01
0.5183877944946289,-0.07326245307922362,0.24997031688690186,4.839562552924269,244.18311505464774,146.40106138723468,elbow_flexion,u01
0.5889979600906372,-0.0719982385635376,0.3028597831726074,-13.470374430146796,267.69522164971625,147.63265377761468,elbow_flexion,u01
0.5811996459960938,0.02870941162109375,0.16834533214569092,-37.76658503438546,275.4830853036348,141.60498451432176,elbow_flexion,u01
0.5835568308830261,0.15853726863861084,0.05717802047729492,-42.9686790874152,271.4379467488298,129.2890742708999,elbow_flexion,u01
0.6113408803939819,0.250727117061615,-0.06841707229614258,-32.627619004759566,240.86561021250245,113.84794267084706,elbow_flexion,u01
0.5659635663032532,0.22190719842910767,-0.2851481437683105,-33.500257633498734,194.68335444135306,91.14293903943143,elbow_flexion,u01
0.3779150247573853,0.4356300234794617,-0.5838770866394043,-19.070419209883568,114.18334594022966,52.94024301144607,elbow_flexion,u01
0.2813872098922729,0.3839125037193297,-0.7550719976425171,-36.207338224236175,10.775040057234484,-5.04837936509813,elbow_flexion,u01
0.1867075562477112,0.32483160495758057,-0.4976478815078736,-4.266211714557658,-76.2380797420621,-48.59424145389114,elbow_flexion,u01
0.08841192722320558,0.25767290592193604,-0.4350094795227051,9.542085897888695,-124.6449691070198,-67.40551133383337,elbow_flexion,u01
0.1967935562133789,0.3465879559516907,-0.4490339756011963,-1.82267525360563,-174.4835890654172,-95.7283387273953,elbow_flexion,u01
0.34269291162490845,0.3456876277923584,-0.4175739288330078,34.27190850026468,-220.08999158764294,-136.97594674775067,elbow_flexion,u01
0.41657137870788574,0.14316034317016602,-0.18790411949157715,53.53667903543368,-255.90295468920257,-142.7169393111998,elbow_flexion,u01
0.5020372271537781,-0.01871639490127564,0.09143996238708496,-7.422238505005919,-248.83029380365437,-146.19276793830596,elbow_flexion,u01
0.6594455242156982,0.10443460941314696,0.2432062625885009,45.023473197321835,-242.4451051184463,-160.6689850539328,elbow_flexion,u01
0.4821801781654358,-0.04024869203567505,0.15952181816101074,3.987474682737199,-227.44699324833874,-160.38815499601856,elbow_flexion,u01
0.5011188983917236,0.10223680734634401,0.3485217094421387,55.84904299403607,-219.50183033783475,-160.165244942266,elbow_flexion,u01
0.36075907945632935,-0.3013908267021179,0.35285818576812744,23.337615752342177,-196.75747798661075,-131.01664767804957,elbow_flexion,u01
0.1817883849143982,-0.20663434267044067,0.3215217590332031,-41.24631028441308,-160.35841635237233,-132.16224798677914,elbow_flexion,u01
0.16676753759384155,-0.33956074714660645,0.35542380809783936,7.197575653957628,-137.55445011007242,-103.28485704393637,elbow_flexion,u01
-0.038435816764831536,-0.4114668071269989,0.4325906038284302,11.029048816051734,-72.16721869484279,-53.707980179817596,elbow_flexion,u01
-0.08049243688583374,-0.35567566752433777,0.4151449203491211,4.167235443295003,-25.227568369272433,-17.590768009227027,elbow_flexion,u01
-0.1646372675895691,-0.4264228940010071,0.4762089252471924,6.12902756302863,5.121628021304639,9.111593588654777,elbow_flexion,u01
-0.08709216117858888,-0.2871744632720947,0.4475640058517456,0.9191246827868643,59.45878431000947,43.63568121081279,elbow_flexion,u01
0.029136061668396,-0.18756383657455444,0.4776475429534912,18.16396089946908,114.20501813046613,71.32905886103384,elbow_flexion,u01
0.14582496881484985,-0.13164228200912476,0.3859069347381592,21.03476112461173,166.60250698970628,94.61901355334767,elbow_flexion,u01
0.2343991994857788,-0.15744394063949585,0.36066675186157227,29.771834950507195,205.5867132625245,106.50139119958129,elbow_flexion,u01
0.43432939052581787,-0.1950821876525879,0.4399909973144531,11.796672432528313,255.08773063062654,117.89554009375325,elbow_flexion,u01
0.4994218349456787,-0.09983903169631958,0.2891364097595215,-27.04158635810507,271.07340589244785,109.24190898140054,elbow_flexion,u01
0.5567233562469482,-0.016788363456726074,0.1624150276184082,-24.113578176021694,275.0580016504499,110.95173072689734,elbow_flexion,u01
0.598224401473999,0.015244841575622559,0.05186939239501953,-48.93041994974458,265.7013255064494,112.11381911228331,elbow_flexion,u01
0.588756799697876,0.1495845913887024,-0.025942087173461914,-53.669799422357215,249.51172811676824,108.38198816489593,elbow_flexion,u01
0.5736722350120544,0.05807095766067505,-0.07074630260467529,-17.23281999294146,220.6884527627195,101.12437941700212,elbow_flexion,u01
0.4680570363998413,0.11423718929290773,-0.14945483207702634,-47.84808085310768,188.01366105645718,92.47563188990598,elbow_flexion,u01
0.3592496514320373,0.21550196409225464,-0.3347533941268921,-26.658484462653643,154.47796498644985,73.78472360351769,elbow_flexion,u01
0.2147659063339233,0.3212735950946808,-0.5266408920288086,-20.20555054616279,99.48736748805766,38.90911175798851,elbow_flexion,u01
0.1691838502883911,0.3498674035072327,-0.6149204969406128,-23.63089724511336,19.183993302949833,-2.4296688290593744,elbow_flexion,u01
0.1402285099029541,0.32290714979171753,-0.4588391780853272,3.725319642674239,-58.49872609008331,-32.71543816201301,elbow_flexion,u01
0.10099595785140993,0.34189707040786743,-0.4184422492980957,11.005354889820964,-107.99174530666724,-60.81826516240881,elbow_flexion,u01
0.2034932374954224,0.34291189908981323,-0.4399249553680421,2.7891318666802136,-151.82182736163696,-103.08094174626564,elbow_flexion,u01
0.3496993184089661,0.2848331928253174,-0.4611639976501465,-0.3127997721806939,-198.1213301600789,-145.12229971044655,elbow_flexion,u01
0.4171246886253357,0.2132858633995056,-0.26570987701416016,38.58328099872764,-233.7916379306337,-157.06608758750778,elbow_flexion,u01
0.4198211133480072,-0.01331782341003418,0.004563212394714356,23.171003532823477,-244.90331752149055,-156.95422274928129,elbow_flexion,u01
0.5175498723983765,0.10900473594665527,0.10520696640014647,79.37130608040037,-243.62440558054064,-155.07361212358833,elbow_flexion,u01
0.5714588165283203,-0.2313849925994873,0.3550274372100829,10.983223369362827,-231.1141218137186,-144.81843825465103,elbow_flexion,u01
0.41045519709587097,0.055670976638793945,0.3253903388977051,48.77725295760705,-203.35526313992466,-140.9880818284862,elbow_flexion,u01
0.25552260875701904,-0.22587549686431885,0.26578927040100103,10.2074914645678,-188.0995711758376,-117.30578057967934,elbow_flexion,u01
0.17411881685256958,-0.1143522560596466,0.25565099716186523,-5.041681510843286,-166.7794771911013,-117.64447600024192,elbow_flexion,u01
0.1726195216178894,-0.2724463641643524,0.3140642642974853,9.620073851605545,-145.9615933556577,-96.30591318398992,elbow_flexion,u01
0.020538747310638428,-0.3163731694221497,0.354794979095459,33.80796448579698,-90.37416709740064,-48.84999447226768,elbow_flexion,u01
-0.06311053037643433,-0.3181889057159424,0.399533748626709,14.661803600659846,-39.61887086559039,-21.05398639957802,elbow_flexion,u01
-0.12963271141052246,-0.16417473554611206,0.4327549934387207,26.21325858160636,-18.931812473509208,-8.714702395042739,elbow_flexion,u01
-0.16894078254699707,-0.20352771878242493,0.3722019195556641,12.211824990660027,12.383265300148286,6.5865665676021505,elbow_flexion,u01
-0.05371922254562378,-0.2298244535923004,0.3765745162963867,-13.984339335001083,41.43594365652932,16.46401731505941,elbow_flexion,u01
0.025651931762695312,-0.2586401104927063,0.3377819061279297,-10.470395691005345,82.24436368306371,43.78264639118395,elbow_flexion,u01
0.0686105489730835,-0.2751500904560089,0.3811615705490112,-1.6578802912929709,128.62634101573357,76.62880754372183,elbow_flexion,u01
0.20028746128082275,-0.2482509911060333,0.3661024570465088,13.955766946155629,187.76435915175173,114.68212733455904,elbow_flexion,u01
0.3484305739402771,-0.1968291997909546,0.36421751976013184,12.086434670329645,231.80173061784214,129.60979263356703,elbow_flexion,u01
0.5014128684997559,-0.12850016355514526,0.3142664432525635,3.6807274720173413,251.95002368819272,137.33365741496254,elbow_flexion,u01
0.5128109455108643,-0.08607864379882812,0.2226552963256836,-29.453278342712384,258.78554040575807,138.06626350533816,elbow_flexion,u01
0.5427581071853638,0.031783998012542725,0.06500768661499022,-62.81755032493075,254.50211021118963,131.38024596832602,elbow_flexion,u01
0.5740855932235718,0.11541026830673218,0.028339147567749023,-66.79425721444143,242.68951660770608,127.64676894534868,elbow_flexion,u01
0.5108622908592224,0.2164287567138672,-0.06412291526794434,-57.0349653245308,218.31336376187423,121.50424322097284,elbow_flexion,u01
0.4866649508476257,0.2109045386314392,-0.11113929748535156,-22.269727628441732,191.39404462010157,109.26651815298011,elbow_flexion,u01
0.3882281184196472,0.11056125164031982,-0.17881786823272705,-38.0503315830753,156.3089064764985,94.1977684664763,elbow_flexion,u01
0.2117052674293518,0.22408050298690804,-0.2568376064300537,-27.325256067166748,126.21988778621966,75.6590846061201,elbow_flexion,u01
0.11882072687149048,0.3076431155204773,-0.5460042953491211,-25.67806203371709,76.63482494038061,40.30294504681843,elbow_flexion,u01
0.15661466121673584,0.3174508213996887,-0.5022618770599365,-32.27612039459778,-4.9021415998735725,-3.166619986964128,elbow_flexion,u01
0.1250663995742798,0.3253762125968933,-0.3337390422821045,11.198165153674896,-65.9406270021624,-28.485177575038534,elbow_flexion,u01
0.0640527606010437,0.2382249236106873,-0.35582029819488525,16.1060112421659,-95.34769911513965,-43.684667327540126,elbow_flexion,u01
0.15600234270095825,0.29681313037872314,-0.4531601667404175,-7.277426541770603,-140.7206799224802,-78.14292387893026,elbow_flexion,u01
0.2668159008026123,0.34878218173980713,-0.5200886726379395,17.55756304457701,-194.26523758112148,-116.9045206263194,elbow_flexion,u01
0.4157592654228209,0.13860934972763062,-0.219649076461792,32.89882191103868,-236.69627149782997,-135.6493874071508,elbow_flexion,u01
0.3972907066345215,0.05112314224243164,-0.10417282581329346,8.115197054796855,-238.28866180092672,-134.51526181622683,elbow_flexion,u01
0.4926629960536957,0.037853360176086426,0.22449326515197754,17.037596110989575,-219.84783406080933,-146.66126427385547,elbow_flexion,u01
0.43527305126190186,0.09196829795837402,0.03944683074951172,34.450900437654035,-226.934455853021,-141.78411305549452,elbow_flexion,u01
0.4123344421386719,0.006393671035766602,0.1853194236755371,-5.7580360198624545,-216.74709210216358,-151.89650865002187,elbow_flexion,u01
0.4009522795677185,-0.008568882942199707,0.18629169464111328,33.33269943277998,-206.32534357974802,-151.51039805624106,elbow_flexion,u01
0.32154983282089233,-0.1919159293174744,0.3057827949523926,-22.172516961079527,-198.61740679949693,-150.43691088476848,elbow_flexion,u01
0.2633944749832153,-0.18484506011009216,0.37579989433288574,-2.2086829676620776,-177.51301018874963,-141.44286314418233,elbow_flexion,u01
0.07194989919662476,-0.4085576236248016,0.4842932224273682,-6.4800087863607825,-127.81837061805608,-101.1770674962596,elbow_flexion,u01
-0.0241321325302124,-0.4380378127098084,0.4974533319473266,-16.645179545057537,-66.34109465357858,-62.537997512391314,elbow_flexion,u01
-0.1124025583267212,-0.40465766191482544,0.4334967136383057,-3.4028753765812225,-12.419308208398444,-21.250513140114087,elbow_flexion,u01
-0.12454873323440553,-0.4207040071487427,0.3841317892074585,4.4595880303390585,17.19207962208963,11.246346161853815,elbow_flexion,u01
-0.04704397916793823,-0.3042593598365784,0.35613930225372314,13.576326885872966,40.57613553814601,36.56411998572096,elbow_flexion,u01
0.001964151859283448,-0.30235183238983154,0.3482702970504761,13.7045773479183,82.21714537922121,67.32648604513632,elbow_flexion,u01
0.07202565670013428,-0.3285353481769562,0.4152928590774536,4.135344436286567,136.94048440557998,106.80081303241633,elbow_flexion,u01
0.2487349510192871,-0.3012419641017914,0.4401891231536865,14.645286495699462,198.296374248128,149.57817852117947,elbow_flexion,u01
0.4177502989768982,-0.2206330299377441,0.3885347843170166,34.44099666335752,239.4962665669416,166.05982113939206,elbow_flexion,u01
0.5283859968185425,-0.20774990320205688,0.31197142601013184,-5.460770392371044,260.37216602919534,166.00803464510506,elbow_flexion,u01
0.5672828555107117,-0.06541389226913452,0.2116713523864746,-30.90120331467422,262.9366288549683,164.14738183216687,elbow_flexion,u01
0.6151958107948303,0.03242760896682738,0.0872490406036377,-45.021407065097904,253.0240845955555,160.7441307951813,elbow_flexion,u01
0.6215814352035522,0.11123502254486084,-0.003668069839477539,-42.556060529465555,241.51048935317843,150.6919911295118,elbow_flexion,u01
0.5810801386833191,0.2149721384048462,-0.11071646213531494,-31.63984387718149,219.96442538994143,133.86612063750886,elbow_flexion,u01
0.5071912407875061,0.14481580257415771,-0.06663680076599121,-29.746037326012058,192.49430613312057,117.83348099495451,elbow_flexion,u01
0.3741333484649658,0.19936370849609367,-0.2604378461837769,-34.191438626558174,152.94003861179476,102.88839871356296,elbow_flexion,u01
0.22393560409545896,0.3324493169784546,-0.3622527122497559,-27.651132930204522,120.27282841551119,70.36383701809515,elbow_flexion,u01
0.1819334626197815,0.3713138699531555,-0.6155635118484497,-23.22254414030039,56.45696056601847,20.86700997104892,elbow_flexion,u01
0.15764951705932614,0.34310299158096313,-0.419068455696106,-20.849138781085585,-25.80742069395525,-20.652041719753818,elbow_flexion,u01
0.09118539094924928,0.2120192050933838,-0.1679987907409668,6.101503608220771,-72.20156088598961,-35.418441129815946,elbow_flexion,u01
0.05265235900878906,0.2545955181121826,-0.2846183776855469,9.26610954315339,-82.79959659088321,-47.85566577818098,elbow_flexion,u01
0.1693331003189087,0.3584449291229248,-0.4193987846374512,1.2488213291179648,-130.15053871015692,-85.87495756657316,elbow_flexion,u01
0.27436167001724243,0.3942529559135437,-0.4984045028686523,26.825993144500913,-187.86207183801793,-131.96216442523277,elbow_flexion,u01
0.4034051299095154,0.16246938705444336,-0.2266833782196045,43.462160254948614,-236.7893533158389,-160.8664868039729,elbow_flexion,u01
0.29895395040512085,0.17362141609191895,-0.265045166015625,-0.1436744165733934,-245.54639349222555,-164.3395150535193,elbow_flexion,u01
0.5399608612060547,0.06359851360321045,0.2342090606689453,42.99950031604488,-227.90807199844966,-175.58932839015057,elbow_flexion,u01
0.4974302649497986,0.010337233543395996,0.1282641887664795,26.891115583142398,-245.241084036326,-171.48271813281545,elbow_flexion,u01
0.5156867504119873,0.0018225908279418945,0.26871466636657715,-2.1891210924357494,-221.90537390676226,-169.985595308262,elbow_flexion,u01
0.3751339912414551,-0.06374460458755493,0.2492886781692505,33.767444388545876,-207.08633593631413,-162.19270463511427,elbow_flexion,u01
0.3119223117828369,-0.1870664358139038,0.3719096183776856,9.02203614825757,-191.98476036065932,-146.66189265125917,elbow_flexion,u01
0.18477880954742432,-0.2989014387130737,0.4736777544021606,3.661220451747785,-153.60799013148699,-130.91564284060345,elbow_flexion,u01
0.037560343742370605,-0.44043007493019104,0.4519212245941162,-9.52528448630411,-95.71607853783512,-87.43417364087117,elbow_flexion,u01
-0.0286865234375,-0.3957947194576264,0.31909310817718506,0.06754690233278986,-48.71477721726894,-45.734724701257356,elbow_flexion,u01
-0.10293728113174436,-0.4448108375072479,0.35478222370147705,6.269338431600908,-20.024079250104723,-16.424511500900056,elbow_flexion,u01
-0.09717017412185668,-0.3880104422569275,0.4029958248138428,6.865868370689605,15.06139528031498,18.10670000856228,elbow_flexion,u01
-0.05064791440963745,-0.30569988489151,0.4276163578033447,8.191374154610006,69.71452508464789,54.24617176565791,elbow_flexion,u01
0.032718896865844734,-0.3384597897529602,0.5032249689102173,11.291781433986385,125.66725718047392,89.85694419231226,elbow_flexion,u01
0.20658999681472776,-0.29726460576057434,0.4482662677764893,12.597643593853832,185.76094172478193,131.45427155855063,elbow_flexion,u01
0.382595956325531,-0.2590386867523193,0.4314265251159668,9.947475554375522,236.196902707232,154.9304376982065,elbow_flexion,u01
0.5070278644561768,-0.2101198434829712,0.32149481773376465,-40.50289200458138,257.64984387132506,163.11173390869615,elbow_flexion,u01
0.5352358222007751,-0.06081974506378174,0.2418835163116455,-24.02112985805828,263.0478243346561,170.36693843000214,elbow_flexion,u01
0.563988447189331,-0.009989261627197266,0.1438995599746704,-79.03944767919697,260.77624002049333,166.55630759016034,elbow_flexion,u01
0.628108024597168,0.15773838758468628,0.03423380851745605,-72.73180213163604,245.54773220930292,163.19426991462663,elbow_flexion,u01
0.5840743780136108,0.28729337453842163,-0.06037306785583496,-13.221149365069492,218.97548230001527,154.32332950364076,elbow_flexion,u01
0.5402499437332153,0.12378859519958495,-0.06449341773986816,-11.528940116121209,189.14786860965117,129.06625983979575,elbow_flexion,u01
0.4182373285293579,0.225844144821167,-0.18997764587402344,-37.29911322721145,158.3768828515032,107.99573413714255,elbow_flexion,u01
0.2362718582153321,0.3649239242076874,-0.4613239765167236,2.471312705872353,113.57039793392359,73.20912990178238,elbow_flexion,u01
0.1688935160636902,0.31484371423721313,-0.6347262859344482,-21.307104672482225,40.1394132426154,25.90465355943226,elbow_flexion,u01
0.12198805809020995,0.36625513434410095,-0.4569220542907715,-16.07192347556566,-38.416084798034895,-22.529438741442295,elbow_flexion,u01
0.07126504182815553,0.25108543038368225,-0.2566239833831787,5.780888979051671,-85.94600519431962,-45.88539525925325,elbow_flexion,u01
0.08158260583877562,0.33566194772720337,-0.3879821300506592,0.8367332847677641,-108.39915243028015,-68.64693236642903,elbow_flexion,u01
0.19261890649795527,0.40198761224746704,-0.4269852638244629,3.6906363689557375,-163.8460748671209,-113.03660498990871,elbow_flexion,u01
0.2955272197723389,0.3135432600975037,-0.3813672065734863,42.674557481376105,-207.8288594613646,-152.28360279104317,elbow_flexion,u01
0.30209824442863464,0.11481845378875732,-0.21428561210632324,52.07624115691238,-242.84103752425355,-156.48035788504416,elbow_flexion,u01
0.4600567817687988,-0.011619806289672852,0.028911471366882324,18.687682729552733,-223.0802757270312,-149.39560756466503,elbow_flexion,u01
0.4962940216064453,0.012469649314880371,0.1850481033325196,-7.220057221610725,-220.37691417429681,-155.99285996322365,elbow_flexion,u01
0.4280583262443543,0.03572481870651245,0.3007130622863769,29.28583284011494,-196.04350465229098,-165.0297329899058,elbow_flexion,u01
0.2289701998233795,-0.024328768253326416,0.08823907375335692,4.346004545762685,-193.16619184177475,-159.04712931475663,elbow_flexion,u01
